First Name,Last Name
Libbie,Christiansen
Earnestine,Lueilwitz
Brown,Thompson
Junius,Kirlin
Alvah,Howell
Brandyn,Konopelski
Christophe,Heller
Eugenia,Runolfsson
Deanna,Lindgren
Corbin,Jewess
Jessica,Kutch
Sofia,Reinger
Otha,Tremblay
Vita,Lakin
Ryley,Fay
Janelle,Nienow
Francesco,Sipes
Garry,Hermann
Ethel,Paucek
Trevion,Zemlak
Hugh,Abernathy
Warren,Abernathy
Chester,Kerluke
Jordi,McLaughlin
Aliya,Zboncak
Cali,Schamberger
Tracy,Davis
Marta,Brakus
Pauline,Pfeffer
Bill,Doyle
Carmine,Runolfsdottir
Madilyn,Marquardt
Guiseppe,Breitenberg
Katrine,Bartell
Kristin,Abernathy
Mitchel,Crist
Paxton,Lang
Eusebio,Welch
Darrin,Pfeffer
Ava,Rolfson
Kara,Daugherty
Vernon,McClure
Nick,Goldner
Winnifred,Mante
Warren,Fahey
Jammie,Pfannerstill
Burdette,Grimes
Name,Gerlach
Johathan,Turner
Nicholaus,Ebert
Durward,Balistreri
Serena,Romaguera
Aurelio,Romaguera
Burdette,Marvin
Myra,Schulist
Milan,Pagac
Elna,Mayer
Lorine,Ratke
Claudine,Schuster
Marcelo,Rowe
Makenna,Hamill
Greg,Brown
Krystina,Wyman
Tiara,Kuhic
Uriah,Erdman
Phoebe,Smitham
Larue,Kiehn
Baylee,Ullrich
Ted,Luettgen
Estevan,Upton
Peter,Lind
Pete,Schultz
Ashton,Windler
Osbaldo,Thiel
Elinore,Mueller
Destany,Pollich
Antonette,Gusikowski
Cooper,Howe
Reyna,Stark
Bernita,Graham
Lucile,Little
Isaac,Jerde
Maryjane,Fisher
Reid,Schowalter
Tomas,Rosenbaum
Shania,Carroll
Fermin,Waters
Lonny,Hintz
Reina,Gorczany
Cindy,Upton
Stacey,Osinski
Pansy,Auer
Harold,Brakus
Isac,Morar
Hudson,Walter
Dashawn,Gerhold
Genevieve,Hane
Cydney,Mohr
Estell,Prohaska
June,Auer
Alexis,Hammes
Demetrius,Welch
Leta,Hermann
Gerald,Grant
Ramon,Glover
General,Kemmer
Ignatius,Hudson
Ross,Rath
Cristina,Lakin
Leanne,Zemlak
Leonora,Schinner
Penelope,Schiller
Stephania,Windler
Sharon,Quigley
Jairo,Ruecker
Wilmer,Krajcik
Leland,Wolff
Idella,West
Mack,Kovacek
Brycen,Lang
Jean,Morar
Roxanne,Stokes
Darius,Hoeger
Pansy,Monahan
Ashley,Dare
Halle,Ledner
Phoebe,Hickle
Werner,Padberg
Alf,Hyatt
Sadie,Daugherty
Rachel,Ryan
Queen,Dietrich
Vernice,Kris
Marta,Carter
Maia,Boyer
Chelsea,Miller
Ludie,Schaden
Missouri,Sanford
Nikita,Cronin
Cornelius,Nitzsche
Carmen,Kozey
Murl,Doyle
Randal,Heller
Jennyfer,Fahey
Tanya,Sanford
Velva,Lehner
Otto,Kris
Bernardo,Wehner
Jeff,Schumm
Kenneth,Okuneva
Mose,Jenkins
Kade,Gorczany
Marques,Nikolaus
Randi,Muller
Adolph,Ruecker
Jamil,Hamill
Sedrick,Schamberger
Shyann,Lesch
Vance,Grimes
Ford,Gerhold
Keegan,Mills
Everette,Ullrich
Eino,Turner
Keon,Turcotte
Jameson,Bahringer
Mireya,Mueller
Jannie,O'Kon
Jessie,Hermiston
Hollis,Ledner
Mable,Flatley
Pamela,Miller
Consuelo,Blick
Lexi,Herzog
Chadrick,Lakin
Hailey,Hand
Emanuel,Yundt
Adele,Schuppe
Yadira,Funk
Alycia,Sauer
Gabe,Herzog
Maud,Runolfsson
Kari,Hilpert
Jannie,Haag
Claud,Hermann
Clovis,Doyle
Theodora,Kautzer
Deon,Kreiger
Jamal,Koepp
Edmond,Schumm
Clementina,Welch
Katelin,Morissette
Chanelle,Bahringer
Davon,Kshlerin
Joyce,Frami
Evert,Waelchi
Edna,Kiehn
Kenton,Moore
Joanie,Abbott
Blake,Larkin
Silas,Bode
Michaela,Medhurst
Dillon,Rath
Wyatt,Goodwin
Giovanny,Stokes
Melba,Will
Christina,Boehm
Georgette,Hayes
Jovany,Barton
Makayla,Harber
Katherine,Considine
Marisol,McClure
Alanna,Kassulke
Brown,Hermann
Rhianna,Hagenes
Dortha,Lynch
Rosamond,Johnson
Reinhold,Prosacco
Daphne,Zieme
Tracey,Weissnat
Roderick,Volkman
Dedric,Schuster
Betty,Sauer
Heaven,Friesen
Presley,Kshlerin
Kari,VonRueden
Patricia,White
Dahlia,Hauck
Raymundo,Parisian
Joan,Leannon
Kathryne,Torphy
Soledad,Corwin
Zul,Stokes
Sherwood,Haag
Tara,Torphy
Kiley,Christiansen
Alivia,Jacobs
Elroy,Heaney
Roberta,Bogisich
Iva,Kunze
Dusty,Beahan
Kenneth,Hodkiewicz
Aryanna,Runte
Savanna,Mills
Geo,Swaniawski
Dejuan,Prohaska
Ellie,Kuhn
Marisol,Maggio
Horacio,Feest
Theodore,Frami
Branson,Connelly
Syble,Hansen
Justus,Haley
Molly,Feil
Lorenzo,Roberts
Lurline,Simonis
Nya,Wolff
Ara,Streich
Gabriel,Weimann
Hellen,Hickle
Abner,Nitzsche
Max,Wehner
Audreanne,Anderson
Valentine,King
William,Prohaska
Josiah,Berge
Nikita,Bednar
Breana,Pollich
Thaddeus,Kuphal
Alexanne,Murphy
Justine,Heaney
Ollie,Bode
Keaton,McClure
Brennon,Botsford
Rashad,Deckow
Laurianne,Homenick
Sandra,Lowe
Tyson,Bogisich
Dameon,Gerhold
Kara,Fritsch
Cathrine,Haley
Eliane,Price
Rosetta,Stroman
Trevion,McClure
Caroline,Cormier
Clementine,Moore
Mariana,Gleichner
Jadon,O'Keefe
Nella,Mayert
Davon,Schmitt
Mercedes,Beatty
Ethan,Stokes
Minnie,Stanton
Elmore,Abbott
Kailee,Pfeffer
Candida,Kub
Jarrell,Rempel
Finn,Crist
Wyman,Kub
Orin,McDermott
Omari,Crona
Ed,Towne
Lexi,Haag
Keaton,Halvorson
Yazmin,Gerhold
Cathryn,King
Dandre,Nitzsche
Giovanny,Hermiston
Burdette,DuBuque
Noel,Lowe
Andreanne,Jerde
Anjali,Friesen
Dovie,Flatley
Bettye,Schuster
Vivian,Kunde
Carmel,Wintheiser
Kimberly,Gutkowski
Mekhi,Walter
Ada,Lakin
Vicenta,Prohaska
Bernadine,King
Titus,Gleason
Mandy,Fahey
Raymond,Conn
Cullen,Crist
Hector,Mraz
Adalberto,Pouros
Victoria,Wuckert
Kaitlin,Waelchi
Ellie,Goodwin
Shaylee,Wehner
Thomas,Ortiz
Daisy,Weissnat
Laverna,Koepp
Esperanza,Rath
Nichole,Larson
Oran,Gerlach
Parker,Stracke
Tabitha,Kertzmann
Brody,Armstrong
Vesta,Kautzer
Albin,O'Conner
Rosalind,Howell
Alan,Bernhard
Irwin,Von
Felipe,Considine
Izaiah,Borer
Ryleigh,Wuckert
Arely,Weimann
Allison,Heathcote
Madaline,Brakus
Manuel,Cartwright
King,Keeling
Rubye,Kohler
Ova,Wiza
Eden,Tillman
Garnett,Hand
Anya,Legros
Grayce,Bayer
Brooklyn,Rohan
Dusty,Mohr
Wilburn,Rath
Emmanuel,Effertz
Briana,Herman
Baby,Tremblay
Dixie,Stokes
Kaley,Schumm
Florian,Lowe
Wyman,Pouros
Easton,Larson
Susan,Predovic
Seth,Price
Kenyatta,Fay
Deontae,Koelpin
Adelia,Douglas
Giovanny,Gusikowski
Ken,Turner
Lorenz,Braun
Curt,Kuhlman
Tabitha,Ondricka
Mollie,Gleason
Alexanne,Sanford
Marisol,Waelchi
Thaddeus,Jacobs
Isadore,Mraz
Hailey,Sporer
Alanna,Glover
Tina,Hudson
Allison,Schinner
Okey,Gottlieb
Leslie,Barrows
Opal,Schumm
Earline,Bashirian
Judd,O'Kon
Alexandra,Sawayn
Jaiden,Dach
Nickolas,Wyman
Dee,Hayes
Brionna,Schoen
Jeramy,Predovic
Verla,Tillman
Maurice,Harªann
Ansel,Bernhard
Derek,Beatty
Kaia,Jacobson
Alex,Jones
Alize,Pouros
Kaylee,Emmerich
Reymundo,Ortiz
Dameon,Bosco
Cletus,Erdman
Moses,Considine
Amari,Weimann
Stephania,Schiller
Marina,Hayes
Annabell,O'Conner
Wilfrid,Kuhlman
Maryjane,Bartell
Kevin,Mosciski
Isac,Erdman
Lamont,Brakus
Bo,Yost
Alva,Jacobson
Eloise,Olson
Gertrude,Hammes
Verla,Kirlin
Reanna,Waters
Deven,Treutel
Alisha,Muller
Ardella,O'Conner
Catalina,Ryan
Mark,Monahan
Henri,Kemmer
Devante,Gulgowski
Sheldon,Cremin
Paula,Hermiston
Shaniya,Treutel
Erik,Lynch
Madilyn,Heller
Estefania,Marquardt
Joanny,Crooks
Merl,Connelly
Wilmer,Connelly
Freeda,Bogisich
Presley,O'Hara
Jaydon,Hand
Jess,Ward
Ari,Ernser
Irwin,Herman
Margie,Dicki
Kaden,Heidenreich
Jarred,Farrell
Maiya,Wilderman
Lois,Haag
Unique,Turcotte
Catalina,Guªann
Isabel,Zboncak
Brandyn,Dietrich
Shaylee,Leannon
Amely,Von
Hattie,Treutel
Edgar,Goodwin
Ena,Prohaska
Jordon,Parker
Colton,Halvorson
Brenden,Zemlak
Stone,Simonis
Daphney,Gusikowski
Demarco,Rodriguez
Cody,Reynolds
Paula,Beer
Keshaun,Jakubowski
Colby,Kihn
Rhea,Pouros
Amira,Schumm
Khalid,Kuhic
Fredrick,McKenzie
Jessyca,Collins
Emerald,Hackett
Olga,Kling
Elmore,Toy
Donny,Walter
Emile,Nitzsche
Kristopher,Swift
Harley,Hoeger
Bettye,Will
Shea,Schowalter
Janae,Jerde
Bernie,Lowe
Elvis,Boehm
Lucas,Heidenreich
Cayla,Stokes
Cleo,Corkery
Reese,Stehr
Marguerite,Satterfield
Edwardo,Nitzsche
Verona,Sporer
Kathryne,Williamson
Christina,Hettinger
Tyree,Barrows
Glen,Aufderhar
Norbert,Hahn
Timmy,Hegmann
Rhianna,Hansen
Fletcher,Ratke
Lonzo,Yost
Allene,Hilll
Dana,Gutkowski
Leon,Brekke
Newton,Price
Shakira,Kautzer
Ariane,Kunde
Coby,Koelpin
D'angelo,Schmidt
Makenzie,Jewess
Carrie,Howell
Esteban,Weimann
Trinity,Hyatt
Ellis,Terry
Princess,Schmitt
Kamron,Hegmann
Zola,Zemlak
Moshe,Harber
Ethel,Feest
Scottie,Wuckert
Asia,Crooks
Kasey,Lubowitz
Bryana,Emard
Alana,Erdman
Clemens,Mayer
Nelda,Veum
Toney,D'Amore
Ike,Trantow
Vallie,Flatley
Stefanie,Hagenes
Colin,Romaguera
Donato,Bednar
Abigale,Schinner
Aaron,Schumm
Laurel,Cummings
Maci,Yundt
Haleigh,McClure
Karine,Mayert
Annabell,Ward
Tessie,Huels
Caleigh,Cruickshank
Kattie,Klocko
Jamarcus,Jacobi
Cyril,Daugherty
Dora,Connelly
Forest,Langosh
Fritz,Greenholt
Skylar,Mills
Nick,Mueller
Theresia,Dooley
Fritz,McClure
Jalyn,Hayes
Brendon,Grimes
Heidi,Wolff
Eleanora,Rippin
Mariela,Block
Agustin,Maggio
Alvena,Daugherty
Jalon,Schultz
Leann,Oberbrunner
Bernard,Tremblay
Jeffry,Tromp
Kory,Pollich
Myriam,Wuckert
Elaina,Considine
Vito,Glover
Thelma,Labadie
Dereck,Rath
Ashlynn,Wunsch
Keely,Gutkowski
Cristina,Weber
Warren,Purdy
Nestor,Torphy
Pansy,Bartell
Damon,Morar
Veda,Buckridge
Concepcion,McKenzie
Willis,Erdman
Yvonne,Nikolaus
Manuel,Oberbrunner
Alisa,Stracke
Dave,Buckridge
Emmett,Weimann
Felipe,Bogan
Angelica,Kris
Winifred,Lind
Micah,Kirlin
Lauretta,Toy
Brown,Hills
Harmon,Stracke
Una,Kris
Brisa,Johnston
Nikita,Kutch
Kristoffer,Boyer
Eino,Heller
Osbaldo,Wehner
Izaiah,Leannon
Neal,White
Marquise,Prosacco
Flo,Huels
Ted,Wiza
Viviane,Wilderman
Cristal,Jakubowski
Foster,Waelchi
Preston,Leffler
Laurie,Braun
Jarvis,Wolf
Rylee,Kohler
Dovie,Hills
Clyde,VonRueden
Lenora,Bauch
Granville,Kilback
Genevieve,Nienow
Sedrick,Ziemann
Bernardo,Klein
Kali,Carter
Tevin,Gaylord
Della,Harªann
Winfield,Steuber
Winfield,Kiehn
Fabian,Nicolas
Rhoda,Monahan
Hassie,Spencer
Jalen,Hintz
D'angelo,Emmerich
Kaci,Feeney
Aimee,Parisian
Lewis,Cruickshank
Delphine,Wuckert
Santina,Flatley
Brielle,Huels
Uriel,Mohr
Russel,Walter
Montana,Schamberger
Selina,Guªann
Adella,Russel
Ward,McLaughlin
Florencio,Dicki
Elwin,Kiehn
Julia,Smith
Bianka,Kerluke
Demarco,Kertzmann
Norwood,Macejkovic
Vivien,Grant
Taya,McKenzie
Kassandra,Medhurst
Sarah,Haag
Blake,Turcotte
Emory,Kris
Lorenz,Okuneva
Pink,Feil
Erin,Batz
Norwood,Veum
Amira,O'Reilly
Abdullah,Auer
Aubree,Bednar
Nash,Hudson
Christian,Bartoletti
Nicholaus,Bode
Armando,Friesen
Marley,Hegmann
Patsy,Hoppe
Karina,Goldner
Jaylan,Schimmel
Johnny,Eichmann
Sandra,Kutch
Albertha,Hermann
Jana,Terry
Hadley,Thiel
Ryan,Pouros
Amiya,Buckridge
Rosendo,Kutch
Glennie,Zieme
Rubye,Friesen
Gisselle,Kautzer
Elias,Paucek
Electa,Gleichner
Lera,Ledner
Buck,Schiller
Citlalli,Wiza
Maureen,Mraz
Mario,Kassulke
Shanon,Dare
Dudley,Erdman
Jorge,Bergstrom
Philip,Sanford
Kenyon,Breitenberg
Vincent,Kertzmann
Harrison,Konopelski
Leda,Hettinger
Levi,Zboncak
Reginald,Reichel
Jack,Keebler
Sallie,Abernathy
Cathy,McClure
Laron,Shanahan
Adam,Bergstrom
Zack,Friesen
Ahmad,Durgan
Arden,Kling
Glen,Lehner
Madonna,Ziemann
Tom,Rutherford
Kraig,Wilkinson
Roberto,Schaden
Monroe,Walker
Barton,Hegmann
Mireille,Powlowski
Gus,Gislason
Leonel,Conroy
Alysha,Fay
Hayden,Borer
Werner,Legros
Dillan,Goyette
Benedict,Gerlach
Ubaldo,Johns
Camilla,Crona
Eda,Koepp
Verner,Prohaska
Willie,Abbott
Sven,Glover
Christelle,Rohan
Nicholas,Bradtke
Rosalia,Kautzer
Connor,Champlin
Bailee,Strosin
Jaclyn,Osinski
Devonte,Bergnaum
Geovanni,Cole
Garrett,Littel
Kyla,Cole
Leif,Gerlach
Kira,Auer
Sterling,McClure
Vickie,Erdman
Verla,Boyer
Vida,Bruen
Valentine,Wisozk
Wayne,Pouros
Bradford,Stanton
Mollie,Lockman
Rico,Bins
Rodrigo,Botsford
Sonny,Quigley
Elda,Beer
Dell,Kuhlman
Jeanie,Metz
Harrison,Spencer
Mozell,Huel
Kelly,Boyer
Trisha,Steuber
Deon,Hilll
Zackery,Hudson
Jonathan,Kshlerin
Mohamed,Larkin
Mae,Blick
Elaina,Shanahan
Katelin,Runolfsdottir
Isai,Schowalter
Anne,Rath
Dortha,Schaefer
Kraig,Pagac
Arnulfo,Renner
Telly,Jenkins
Cornell,Larson
Sonia,Walker
Estelle,Rowe
Jillian,Kohler
Juana,Hackett
Alexandre,Cummerata
Dell,Green
Eliezer,Satterfield
Serenity,Corkery
Misty,Brekke
Vergie,Beahan
Zella,Hoppe
Madyson,Denesik
Stone,Pacocha
Orland,Gusikowski
Octavia,Mann
Devante,Sanford
Abdullah,O'Keefe
Wyatt,Johnston
Precious,Kunde
Myron,Wunsch
Avis,Kunde
Kathlyn,Weimann
Mark,Schuppe
Christina,Hand
Chadrick,Little
Lonnie,Marvin
Rachael,Volkman
Precious,Barrows
Dominic,Weimann
Domenica,Bode
Jaren,Nienow
Anna,Langosh
Rosa,Davis
Jannie,Will
Kathlyn,Deckow
Aliya,O'Reilly
Bethel,Cremin
Mose,Oberbrunner
Linnea,Bergnaum
Ladarius,Wolf
Kurt,Bode
Kaelyn,Gottlieb
Florencio,Waelchi
Winnifred,Altenwerth
Piper,Hilpert
Alexzander,Rippin
Coy,Bogisich
Zoila,Runolfsson
Angeline,Harªann
Yasmine,Hayes
Jenifer,Flatley
Thomas,Barton
Nathanial,White
Reginald,Corwin
Ignacio,Berge
Cristobal,Schamberger
Keegan,Leuschke
Consuelo,Howe
Immanuel,Kunze
Brianne,Barrows
Cyrus,Johns
Audreanne,Boyle
Lesly,Ward
Alvena,Abbott
Harvey,Erdman
Dereck,Adams
Cristobal,Wehner
Magdalen,Waters
Elizabeth,Ondricka
Yasmin,Swift
Alvis,Dare
Isac,Wunsch
Aglae,Mertz
Stephen,Weber
Godfrey,Rath
Fannie,Collier
Zoie,Gleichner
Annabell,Vandervort
Eldon,Davis
Lindsey,Leannon
Leopoldo,Carroll
Lukas,Schmidt
Monty,Jewess
Kaitlin,Kshlerin
Fidel,Schmidt
Arnold,Abshire
Katrine,Torphy
Cleora,Willms
Zaria,Vandervort
Elizabeth,Emard
Nelson,Kris
Madisyn,Reynolds
Camron,Terry
Willie,Lang
Alfreda,Conn
Rebekah,Langosh
Amir,Veum
Ezra,Konopelski
Martine,Parker
Oswald,King
Twila,Hilpert
Shanna,Franecki
Cedrick,Stanton
Elouise,Auer
Conrad,Carter
Victor,Stanton
Lucio,Pouros
Noelia,Harris
Elliot,Donnelly
Edward,Zulauf
Eusebio,O'Kon
Amanda,Bailey
Nathaniel,Romaguera
Harry,Koch
Avery,Abshire
Lorenza,Medhurst
Sheila,Spinka
Jana,Klein
Lysanne,Kulas
Neal,Adams
Marquise,Wiegand
Felipe,Crist
Saige,Spencer
Rogers,King
Chad,Corwin
Kaley,Armstrong
Ervin,Kuhn
Paige,Guªann
Libbie,Mitchell
Noemi,Stracke
Gabrielle,Hand
Arnulfo,McCullough
Clyde,Schulist
Clay,Harber
Marcel,Leuschke
Cleveland,King
Gideon,Rath
Glenna,Bogan
Jamil,Kozey
Wava,Ferry
Drew,Kautzer
Dasia,Kshlerin
Thurman,Kohler
Kip,Satterfield
Cristobal,Little
Maddison,Donnelly
Nelson,Schneider
Abel,O'Conner
Ettie,Vandervort
Elwin,Halvorson
Alena,Weissnat
Martine,Baumbach
Osvaldo,Schimmel
Edwina,Jacobson
Chester,Reynolds
Gardner,Becker
Trey,Auer
Magdalena,Gusikowski
Nathaniel,Borer
Meredith,Schuster
Lucienne,Heller
Clemmie,Wisoky
Hailie,Jacobson
Elyssa,Gulgowski
Nicolette,Cole
Cedrick,Zulauf
Lafayette,O'Connell
Ottilie,Ledner
Salvador,Bogan
Wallace,Haag
Werner,Becker
Tia,Cremin
Norval,Gusikowski
Ronaldo,Konopelski
Ariel,Predovic
Casper,Smitham
Rollin,Hudson
Dominic,Hilll
Jadyn,Kuhic
Emiliano,Reichel
Jerrod,Nienow
Preston,Graham
Maryjane,Ruecker
Akeem,Huel
Heber,Mraz
Jaunita,Fritsch
Elda,Schultz
Karianne,Torp
Jared,Maggio
Betty,Kautzer
Nels,Daugherty
Alfonso,Davis
Mavis,Feeney
Coby,Hayes
Lelah,Wisozk
Nannie,Bins
Lyric,Borer
Kameron,Abshire
Adaline,Wunsch
Theresa,Hackett
Georgette,Willms
Lorena,Emard
Megane,Willms
Kareem,Johns
Benny,Labadie
Jeffery,Lindgren
Dannie,Keeling
Jan,O'Connell
Buford,Heathcote
Art,Roberts
Curt,Kling
Savannah,Zieme
Lina,Reichert
Lexus,Aufderhar
Lora,O'Connell
Jane,Rau
Augusta,Bins
Verna,Heaney
Stella,Stamm
Jared,Schulist
Veda,Littel
Jordyn,Powlowski
Watson,Weber
Reagan,O'Hara
Weldon,Braun
Adrian,Mertz
Rae,Rau
Mara,Cummings
Claudie,Hilpert
Carey,Champlin
Alysson,Towne
Luz,Conn
Clarissa,Keeling
Lonnie,Cormier
Heather,Spinka
Jany,Bergnaum
Malachi,Turner
Aidan,Grady
Maribel,Stamm
Robin,Ryan
Tillman,Durgan
Wilton,Christiansen
Janet,DuBuque
Ottilie,Harªann
Edmund,Bartell
Quinten,Emard
Derek,Kub
Tess,Jewess
Ryan,Olson
Chasity,Glover
Eliezer,Carter
Jean,Bergnaum
Hugh,Upton
Leanna,Bashirian
Valerie,Gislason
Easter,Ryan
Efren,Koepp
Kendrick,McCullough
Zoey,Hackett
Makayla,Sauer
Hertha,Harªann
Eleanora,Reichel
Henderson,Okuneva
William,Ritchie
Cary,Cole
Loraine,Mills
Jay,Berge
Herta,Huel
Karina,Hudson
Ansel,Bogan
Dusty,Mitchell
Tracey,Fahey
Emely,Boehm
Mara,Halvorson
Margie,Mueller
Gerald,Rippin
Shawn,Green
Lonie,Predovic
Ryley,Harber
Bert,Marquardt
Christelle,Lueilwitz
Nella,Ruecker
Laurence,Casper
Maxie,Lehner
Sonia,Bahringer
Katrine,Brakus
Caleigh,Berge
Camylle,Hoeger
Jeremy,Rohan
Bailee,Connelly
Berniece,Denesik
Shea,Ledner
Lucienne,Little
Madonna,Boyer
Winnifred,Willms
Winfield,Prosacco
Marcelina,Rempel
Hailie,Kirlin
Mervin,Dach
Estelle,Green
Nayeli,Koss
Colton,Johnson
Simone,Bode
Manuela,Hickle
Daphne,Wisozk
Leon,Schmitt
Unique,Zemlak
Anissa,Kirlin
Rosemarie,Reilly
Sarai,Quigley
Camden,Gorczany
Carley,McKenzie
Alyce,Aufderhar
Elissa,Langworth
Bernadette,Brakus
Milan,Medhurst
Jean,Flatley
Seamus,Walsh
Shaun,Miller
Darrel,Swift
Yadira,Glover
Isac,Altenwerth
Camille,Kutch
Aurore,O'Keefe
Keeley,Ferry
Ellis,Skiles
Dwight,Goodwin
Hayden,Senger
Hollis,Watsica
Audrey,Larson
Anika,Bernier
Dalton,Weber
Harry,Hegmann
Jerald,Ullrich
Raoul,Swaniawski
Arely,Feil
Christophe,Littel
Callie,Gerlach
Carolanne,Hirthe
Florine,Schiller
Valerie,Christiansen
Waldo,Russel
Hanna,O'Hara
Eriberto,Jaskolski
Manley,Bins
Sophie,Emmerich
Uriel,Hansen
Shanie,Swaniawski
Jaydon,Keeling
Benny,Lang
Amaya,Leannon
Amari,Lubowitz
Sven,Gibson
Jarrett,Gibson
Kyleigh,Fadel
Joe,Rutherford
Veda,Lubowitz
Lazaro,Vandervort
Devan,Fay
Joaquin,Sanford
Jarrod,Hackett
Reva,Cronin
Myrna,Kassulke
Ransom,Waters
Heloise,Schinner
Oswald,Kshlerin
Eulah,Stokes
Merle,Larkin
Keagan,Oberbrunner
Hobart,Batz
Jarrell,Schumm
Dorthy,Rippin
Elenor,Howell
Esta,Nitzsche
Brian,Sauer
Jacinthe,Bergnaum
Leonel,Stiedemann
Joannie,Renner
Lyda,Armstrong
Kamryn,Gibson
Zoila,Ebert
Ward,Glover
Claud,Skiles
Tess,Bailey
Dayana,Kris
Quentin,Olson
Javonte,Lowe
Patrick,Lesch
Rogelio,Wunsch
Thomas,Grant
Garnet,Koepp
Turner,Windler
Josefina,Wilkinson
Issac,Dietrich
Priscilla,Kohler
Aditya,Grimes
Mandy,Feest
Nigel,Swaniawski
Ansel,Moore
Drake,Kunde
Kristin,Schoen
Chandler,Bogan
Bettye,Moore
Piper,Gibson
Jamarcus,Buckridge
Jennings,Blanda
Makenzie,Purdy
Willa,Beier
Sonya,Lubowitz
Destany,Schaden
Myrtie,Grady
Keyshawn,Lowe
Felix,Daugherty
Susana,Kling
Alejandra,Mayert
Issac,Schroeder
Reva,Schamberger
Jailyn,Schultz
Ervin,Ziemann
Lawson,O'Conner
Danielle,Flatley
Shanelle,Gusikowski
Nelda,Beahan
Micheal,Tromp
Rae,Sawayn
Allen,Dare
Justyn,Mosciski
Deonte,Bechtelar
Leanne,Runte
Alverta,Lowe
Crystel,Collins
